results,area,extent,surface_area,complexity,sphericity,major_axis_length,minor_axis_length,solidity,volume_ratio
stat,992,707,1110,849,749,1037,1211,610,567
p_value,0.619657258,0.006449911,0.675820645,0.106512339,0.016588602,0.885025218,0.227193057,0.000497369,0.00013439