results,area,extent,surface_area,complexity,sphericity,major_axis_length,minor_axis_length,solidity,volume_ratio
stat,1448,812,1484,1233,895,1598,1368,607,567
p_value,0.002212717,0.057004892,0.000833343,0.167715987,0.20965344,2.31E-05,0.014900727,0.000455548,0.00013439