feature,importance
major_axis_length,0.2736441182154188
solidity,0.1787562394475503
area,0.14005964562197085
minor_axis_length,0.09719003844095807
surface_area,0.09560648274636466
complexity,0.08439865678618653
extent,0.08257860737288229
sphericity,0.04776621136866863
